Method,Silhouette Score,Davies-Bouldin Index,Calinski-Harabasz Index
K-means,0.2581657897006999,1.111848208210258,9542.253482523336
Hierarchical,0.2024195220215514,1.1280709769414217,7863.21351866017
DBSCAN,-0.0954687112839784,1.7963876512735257,1135.3743239289595
Birch,0.21785371331106998,1.203754284445495,5020.390154722571
OPTICS,-0.10547788146171608,1.0991155973190954,24.298593349572798
