Method,Silhouette Score,Davies-Bouldin Index,Calinski-Harabasz Index
K-means,0.34226060604457503,0.9295898629144259,16355.843736336445
Hierarchical,0.31572410431307774,1.063517275627543,14200.319228174858
DBSCAN,0.13566562635300092,2.0149549380371266,3692.551306972494
Birch,0.3181684498737829,1.0956069712483698,11425.533800401905
OPTICS,0.17007368751183785,1.1804493537774186,24.000426282066805
