Method,Silhouette Score,Davies-Bouldin Index,Calinski-Harabasz Index
K-means,0.2338655528341097,1.2331770327587162,9042.644546328085
Hierarchical,0.1704463956668704,1.2820418643428295,6718.260725733775
DBSCAN,0.17788904406957626,2.0291307341535334,264.0120270788733
Birch,0.1479685521861505,1.642586484030658,3998.1050831856037
OPTICS,-0.5630589009638081,1.524736600273664,27.010237920048827
