Method,Silhouette Score,Davies-Bouldin Index,Calinski-Harabasz Index
K-means,0.2581657897006997,1.1118482082102576,9542.253482523336
Hierarchical,0.20241952202155106,1.1280709769414217,7863.21351866017
DBSCAN,-0.0954687112839787,1.796387651273526,1135.3743239289595
Birch,0.21785371331106998,1.2037542844454945,5020.390154722571
OPTICS,-0.10547788146261892,1.099115597319094,24.298593349572798
