Method,Silhouette Score,Davies-Bouldin Index,Calinski-Harabasz Index
K-means,0.5071061209507253,0.7197442369015112,39987.19951529958
Hierarchical,0.4879248333403771,0.6176669370447655,37701.51698489401
DBSCAN,0.44457447948623036,0.871549317947169,12414.617279441865
Birch,0.4846813396749459,0.6728109667790333,7577.7998254060385
OPTICS,0.287795004593043,1.2692303226716843,26.847257129448458
