Method,Silhouette Score,Davies-Bouldin Index,Calinski-Harabasz Index
K-means,0.5251234878953093,0.7547378656459216,29837.63300041676
Hierarchical,0.4942843594855655,0.8411511147326511,24086.238793851604
DBSCAN,0.4594975076653332,0.9067457421901481,6202.4099865864555
Birch,0.7023236150208427,0.6514302500994705,4807.172930965907
OPTICS,0.2802200358340293,1.34538083554848,30.921072904622864
