Method,Silhouette Score,Davies-Bouldin Index,Calinski-Harabasz Index
K-means,0.3155891545390881,0.954584997818194,14888.498404946127
Hierarchical,0.2559883526555839,1.0554567191592936,11643.947474560051
DBSCAN,0.5988702501147175,1.6963264753245912,408.29135805386943
Birch,0.3838417982355906,1.0565999421553778,3732.0244190123476
OPTICS,-0.2930964202115919,1.2568312648011974,13.19919707397344
