Method,Silhouette Score,Davies-Bouldin Index,Calinski-Harabasz Index
K-means,0.3422606060445751,0.9295898629144259,16355.843736336445
Hierarchical,0.31572410431307774,1.063517275627543,14200.31922817486
DBSCAN,0.13566562635300092,2.0149549380371266,3692.5513069724943
Birch,0.3181684498737829,1.0956069712483696,11425.533800401905
OPTICS,0.17007368750680515,1.1804493537712972,24.0004262820668
