Method,Silhouette Score,Davies-Bouldin Index,Calinski-Harabasz Index
K-means,0.2338655528341112,1.2331770327587162,9042.644546328085
Hierarchical,0.17044639566687242,1.2820418643428295,6718.260725733775
DBSCAN,0.17788904406957648,2.0291307341535347,264.0120270788733
Birch,0.14796855218615132,1.642586484030658,3998.1050831856037
OPTICS,-0.563058900963522,1.5247366002736655,27.010237920048827
